,algorithm,accuracy
0,Random Forest,92.2514619883041
1,SVC,92.2514619883041
